handle,url,owner,download_status,access_requirement,license,file_names,size_bytes,row_count,column_count,date_range,missing_values,duplicate_rows,intended_feature,usage,checked_at,notes
ziya07/high-dimensional-supply-chain-inventory-dataset,https://www.kaggle.com/datasets/ziya07/high-dimensional-supply-chain-inventory-dataset,ziya07,downloaded_profiled,public access or Kaggle authentication as required,CC0: Public Domain,"[""supply_chain_dataset1.csv""]",6552486,"{""supply_chain_dataset1.csv"": 91250}","{""supply_chain_dataset1.csv"": 15}","{""supply_chain_dataset1.csv"": {""Date"": [""2024-01-01 00:00:00+00:00"", ""2024-12-30 00:00:00+00:00""]}}","{""supply_chain_dataset1.csv"": 0}","{""supply_chain_dataset1.csv"": 0}",inventory; demand; suppliers,evaluation research only; not demo or training,2026-09-30T11:24:03.217135+00:00,CSV and XLSX profiles; other formats listed only. No raw samples committed.
shashwatwork/dataco-smart-supply-chain-for-big-data-analysis,https://www.kaggle.com/datasets/shashwatwork/dataco-smart-supply-chain-for-big-data-analysis,shashwatwork,downloaded_profiled,public access or Kaggle authentication as required,CC0: Public Domain,"[""DataCoSupplyChainDataset.csv"", ""DescriptionDataCoSupplyChain.csv"", ""tokenized_access_logs.csv""]",191359957,"{""DataCoSupplyChainDataset.csv"": 180519, ""DescriptionDataCoSupplyChain.csv"": 52, ""tokenized_access_logs.csv"": 469977}","{""DataCoSupplyChainDataset.csv"": 53, ""DescriptionDataCoSupplyChain.csv"": 2, ""tokenized_access_logs.csv"": 8}","{""DataCoSupplyChainDataset.csv"": {""order date (DateOrders)"": [""2015-01-01 00:00:00+00:00"", ""2018-01-31 23:38:00+00:00""], ""shipping date (DateOrders)"": [""2015-01-03 00:00:00+00:00"", ""2018-02-06 22:14:00+00:00""]}, ""DescriptionDataCoSupplyChain.csv"": {}, ""tokenized_access_logs.csv"": {""Date"": [""2017-09-01 06:00:00+00:00"", ""2018-01-31 23:58:00+00:00""]}}","{""DataCoSupplyChainDataset.csv"": 336209, ""DescriptionDataCoSupplyChain.csv"": 0, ""tokenized_access_logs.csv"": 0}","{""DataCoSupplyChainDataset.csv"": 0, ""DescriptionDataCoSupplyChain.csv"": 0, ""tokenized_access_logs.csv"": 3249}",orders; late delivery; relational SQL,evaluation research only; not demo or training,2026-09-30T11:24:03.793336+00:00,CSV and XLSX profiles; other formats listed only. No raw samples committed.
atomicd/retail-store-inventory-and-demand-forecasting/versions/8,https://www.kaggle.com/datasets/atomicd/retail-store-inventory-and-demand-forecasting/versions/8,atomicd,downloaded_profiled,public access or Kaggle authentication as required,Apache 2.0,"[""sales_data.csv""]",6346402,"{""sales_data.csv"": 76000}","{""sales_data.csv"": 16}","{""sales_data.csv"": {""Date"": [""2022-01-01 00:00:00+00:00"", ""2024-01-30 00:00:00+00:00""]}}","{""sales_data.csv"": 0}","{""sales_data.csv"": 0}",demand; promotions; what-if,evaluation research only; not demo or training,2026-09-30T11:24:12.950057+00:00,CSV and XLSX profiles; other formats listed only. No raw samples committed.
olistbr/brazilian-ecommerce,https://www.kaggle.com/datasets/olistbr/brazilian-ecommerce,olistbr,downloaded_profiled,public access or Kaggle authentication as required,CC BY-NC-SA 4.0,"[""olist_customers_dataset.csv"", ""olist_geolocation_dataset.csv"", ""olist_order_items_dataset.csv"", ""olist_order_payments_dataset.csv"", ""olist_order_reviews_dataset.csv"", ""olist_orders_dataset.csv"", ""olist_products_dataset.csv"", ""olist_sellers_dataset.csv"", ""product_category_name_translation.csv""]",126186995,"{""olist_customers_dataset.csv"": 99441, ""olist_geolocation_dataset.csv"": 1000163, ""olist_order_items_dataset.csv"": 112650, ""olist_order_payments_dataset.csv"": 103886, ""olist_order_reviews_dataset.csv"": 99224, ""olist_orders_dataset.csv"": 99441, ""olist_products_dataset.csv"": 32951, ""olist_sellers_dataset.csv"": 3095, ""product_category_name_translation.csv"": 71}","{""olist_customers_dataset.csv"": 5, ""olist_geolocation_dataset.csv"": 5, ""olist_order_items_dataset.csv"": 7, ""olist_order_payments_dataset.csv"": 5, ""olist_order_reviews_dataset.csv"": 7, ""olist_orders_dataset.csv"": 8, ""olist_products_dataset.csv"": 9, ""olist_sellers_dataset.csv"": 4, ""product_category_name_translation.csv"": 2}","{""olist_customers_dataset.csv"": {}, ""olist_geolocation_dataset.csv"": {}, ""olist_order_items_dataset.csv"": {""shipping_limit_date"": [""2016-09-19 00:15:34+00:00"", ""2020-04-09 22:35:08+00:00""]}, ""olist_order_payments_dataset.csv"": {}, ""olist_order_reviews_dataset.csv"": {""review_creation_date"": [""2016-10-02 00:00:00+00:00"", ""2018-08-31 00:00:00+00:00""], ""review_answer_timestamp"": [""2016-10-07 18:32:28+00:00"", ""2018-10-29 12:27:35+00:00""]}, ""olist_orders_dataset.csv"": {""order_purchase_timestamp"": [""2016-09-04 21:15:19+00:00"", ""2018-10-17 17:30:18+00:00""], ""order_delivered_carrier_date"": [""2016-10-08 10:34:01+00:00"", ""2018-09-11 19:48:28+00:00""], ""order_delivered_customer_date"": [""2016-10-11 13:46:32+00:00"", ""2018-10-17 13:22:46+00:00""], ""order_estimated_delivery_date"": [""2016-09-30 00:00:00+00:00"", ""2018-11-12 00:00:00+00:00""]}, ""olist_products_dataset.csv"": {}, ""olist_sellers_dataset.csv"": {}, ""product_category_name_translation.csv"": {}}","{""olist_customers_dataset.csv"": 0, ""olist_geolocation_dataset.csv"": 0, ""olist_order_items_dataset.csv"": 0, ""olist_order_payments_dataset.csv"": 0, ""olist_order_reviews_dataset.csv"": 145903, ""olist_orders_dataset.csv"": 4908, ""olist_products_dataset.csv"": 2448, ""olist_sellers_dataset.csv"": 0, ""product_category_name_translation.csv"": 0}","{""olist_customers_dataset.csv"": 0, ""olist_geolocation_dataset.csv"": 261831, ""olist_order_items_dataset.csv"": 0, ""olist_order_payments_dataset.csv"": 0, ""olist_order_reviews_dataset.csv"": 0, ""olist_orders_dataset.csv"": 0, ""olist_products_dataset.csv"": 0, ""olist_sellers_dataset.csv"": 0, ""product_category_name_translation.csv"": 0}",multi-table SQL; delivery lifecycle,evaluation research only; not demo or training,2026-09-30T11:24:13.282954+00:00,CSV and XLSX profiles; other formats listed only. No raw samples committed.
bytadit/ecommerce-order-dataset,https://www.kaggle.com/datasets/bytadit/ecommerce-order-dataset,bytadit,downloaded_profiled,public access or Kaggle authentication as required,CC BY-NC-SA 4.0,"[""Ecommerce Order Dataset/test/df_Customers.csv"", ""Ecommerce Order Dataset/test/df_OrderItems.csv"", ""Ecommerce Order Dataset/test/df_Orders.csv"", ""Ecommerce Order Dataset/test/df_Payments.csv"", ""Ecommerce Order Dataset/test/df_Products.csv"", ""Ecommerce Order Dataset/train/df_Customers.csv"", ""Ecommerce Order Dataset/train/df_OrderItems.csv"", ""Ecommerce Order Dataset/train/df_Orders.csv"", ""Ecommerce Order Dataset/train/df_Payments.csv"", ""Ecommerce Order Dataset/train/df_Products.csv""]",32478018,"{""df_Customers.csv"": 89316, ""df_OrderItems.csv"": 89316, ""df_Orders.csv"": 89316, ""df_Payments.csv"": 89316, ""df_Products.csv"": 89316}","{""df_Customers.csv"": 4, ""df_OrderItems.csv"": 5, ""df_Orders.csv"": 7, ""df_Payments.csv"": 5, ""df_Products.csv"": 6}","{""df_Customers.csv"": {}, ""df_OrderItems.csv"": {}, ""df_Orders.csv"": {""order_purchase_timestamp"": [""2016-09-04 21:15:19+00:00"", ""2018-09-03 09:06:57+00:00""], ""order_delivered_timestamp"": [""2016-10-11 13:46:32+00:00"", ""2018-10-17 13:22:46+00:00""], ""order_estimated_delivery_date"": [""2016-10-20 00:00:00+00:00"", ""2018-10-25 00:00:00+00:00""]}, ""df_Payments.csv"": {}, ""df_Products.csv"": {}}","{""df_Customers.csv"": 0, ""df_OrderItems.csv"": 0, ""df_Orders.csv"": 1898, ""df_Payments.csv"": 0, ""df_Products.csv"": 368}","{""df_Customers.csv"": 0, ""df_OrderItems.csv"": 0, ""df_Orders.csv"": 0, ""df_Payments.csv"": 0, ""df_Products.csv"": 61865}",relational schema variation,evaluation research only; not demo or training,2026-09-30T11:24:15.336898+00:00,CSV and XLSX profiles; other formats listed only. No raw samples committed.
datasetengineer/logistics-and-supply-chain-dataset,https://www.kaggle.com/datasets/datasetengineer/logistics-and-supply-chain-dataset,datasetengineer,downloaded_profiled,public access or Kaggle authentication as required,CC0: Public Domain,"[""dynamic_supply_chain_logistics_dataset.csv""]",15491342,"{""dynamic_supply_chain_logistics_dataset.csv"": 32065}","{""dynamic_supply_chain_logistics_dataset.csv"": 26}","{""dynamic_supply_chain_logistics_dataset.csv"": {""timestamp"": [""2021-01-01 00:00:00+00:00"", ""2024-08-29 00:00:00+00:00""]}}","{""dynamic_supply_chain_logistics_dataset.csv"": 0}","{""dynamic_supply_chain_logistics_dataset.csv"": 0}",route risk; ETA,evaluation research only; not demo or training,2026-09-30T11:24:16.326712+00:00,CSV and XLSX profiles; other formats listed only. No raw samples committed.
ziya07/smart-logistics-supply-chain-dataset,https://www.kaggle.com/datasets/ziya07/smart-logistics-supply-chain-dataset,ziya07,downloaded_profiled,public access or Kaggle authentication as required,CC0: Public Domain,"[""smart_logistics_dataset.csv""]",106483,"{""smart_logistics_dataset.csv"": 1000}","{""smart_logistics_dataset.csv"": 16}","{""smart_logistics_dataset.csv"": {""Timestamp"": [""2024-01-01 11:37:57+00:00"", ""2024-12-30 20:21:58+00:00""]}}","{""smart_logistics_dataset.csv"": 263}","{""smart_logistics_dataset.csv"": 0}",shipment events; delay risk,evaluation research only; not demo or training,2026-09-30T11:24:16.999103+00:00,CSV and XLSX profiles; other formats listed only. No raw samples committed.
razanihababdellatif/food-delivery-orders-and-eta-logistics-dataset,https://www.kaggle.com/datasets/razanihababdellatif/food-delivery-orders-and-eta-logistics-dataset,razanihababdellatif,downloaded_profiled,public access or Kaggle authentication as required,Attribution 4.0 International (CC BY 4.0),"[""food_delivery_orders_dataset.csv""]",11545349,"{""food_delivery_orders_dataset.csv"": 50000}","{""food_delivery_orders_dataset.csv"": 37}","{""food_delivery_orders_dataset.csv"": {""order_timestamp"": [""2025-10-01 00:00:00+00:00"", ""2025-10-30 23:59:00+00:00""], ""order_date"": [""2025-10-01 00:00:00+00:00"", ""2025-10-30 00:00:00+00:00""]}}","{""food_delivery_orders_dataset.csv"": 52604}","{""food_delivery_orders_dataset.csv"": 0}",ETA; late delivery,evaluation research only; not demo or training,2026-09-30T11:24:17.373965+00:00,CSV and XLSX profiles; other formats listed only. No raw samples committed.
untadta,https://www.kaggle.com/competitions/untadta,unverified competition organizer,unavailable,Kaggle login and competition rules acceptance,unknown; not inspected,unknown; not inspected,unknown; not inspected,unknown; not inspected,unknown; not inspected,unknown; not inspected,unknown; not inspected,unknown; not inspected,backorder labels; synthetic fallback,evaluation research only; not demo or training,2026-09-30T11:24:17.865788+00:00,UnauthenticatedError; HTTP unknown. No data or license inferred; synthetic fallback.
philiphyde1/time-series-supply-chain-dataset,https://www.kaggle.com/datasets/philiphyde1/time-series-supply-chain-dataset,philiphyde1,downloaded_profiled,public access or Kaggle authentication as required,Apache 2.0,"[""supply_chain_deliveries.csv""]",6959442,"{""supply_chain_deliveries.csv"": 126255}","{""supply_chain_deliveries.csv"": 7}","{""supply_chain_deliveries.csv"": {""WorkDate"": [""2020-01-02 00:00:00+00:00"", ""2025-06-30 00:00:00+00:00""]}}","{""supply_chain_deliveries.csv"": 0}","{""supply_chain_deliveries.csv"": 0}",daily forecasting,evaluation research only; not demo or training,2026-09-30T11:24:17.875567+00:00,CSV and XLSX profiles; other formats listed only. No raw samples committed.
shandeep777/retail-supply-chain-sales-dataset,https://www.kaggle.com/datasets/shandeep777/retail-supply-chain-sales-dataset,shandeep777,downloaded_profiled,public access or Kaggle authentication as required,Other (specified in description),"[""Retail-Supply-Chain-Sales-Dataset.xlsx""]",1543573,"{""Retail-Supply-Chain-Sales-Dataset.xlsx:Retails Order Full Dataset"": 9994, ""Retail-Supply-Chain-Sales-Dataset.xlsx:Calendar Table"": 1826}","{""Retail-Supply-Chain-Sales-Dataset.xlsx:Retails Order Full Dataset"": 23, ""Retail-Supply-Chain-Sales-Dataset.xlsx:Calendar Table"": 12}","{""Retail-Supply-Chain-Sales-Dataset.xlsx:Retails Order Full Dataset"": {""Order Date"": [""2014-01-02 00:00:00+00:00"", ""2017-12-30 00:00:00+00:00""], ""Ship Date"": [""2014-01-15 00:00:00+00:00"", ""2018-05-01 00:00:00+00:00""]}, ""Retail-Supply-Chain-Sales-Dataset.xlsx:Calendar Table"": {""Date"": [""2014-01-01 00:00:00+00:00"", ""2018-12-31 00:00:00+00:00""]}}","{""Retail-Supply-Chain-Sales-Dataset.xlsx:Retails Order Full Dataset"": 0, ""Retail-Supply-Chain-Sales-Dataset.xlsx:Calendar Table"": 0}","{""Retail-Supply-Chain-Sales-Dataset.xlsx:Retails Order Full Dataset"": 0, ""Retail-Supply-Chain-Sales-Dataset.xlsx:Calendar Table"": 0}",sales; suppliers,evaluation research only; not demo or training,2026-09-30T11:24:18.344701+00:00,CSV and XLSX profiles; other formats listed only. No raw samples committed.
fiq423ubf/apmarkfed-season-wise-procurement-details,https://www.kaggle.com/datasets/fiq423ubf/apmarkfed-season-wise-procurement-details,fiq423ubf,downloaded_profiled,public access or Kaggle authentication as required,ODC Public Domain Dedication and Licence (PDDL),"[""Seasonwiseprocurementdetails2023_0.csv""]",5150,"{""Seasonwiseprocurementdetails2023_0.csv"": 97}","{""Seasonwiseprocurementdetails2023_0.csv"": 6}","{""Seasonwiseprocurementdetails2023_0.csv"": {}}","{""Seasonwiseprocurementdetails2023_0.csv"": 0}","{""Seasonwiseprocurementdetails2023_0.csv"": 0}",seasonal procurement,evaluation research only; not demo or training,2026-09-30T11:24:19.474480+00:00,CSV and XLSX profiles; other formats listed only. No raw samples committed.
favorita-grocery-sales-forecasting,https://www.kaggle.com/competitions/favorita-grocery-sales-forecasting,unverified competition organizer,not_attempted,Kaggle login and competition rules acceptance,unknown; not inspected,unknown; not inspected,unknown; not inspected,unknown; not inspected,unknown; not inspected,unknown; not inspected,unknown; not inspected,unknown; not inspected,benchmark only,benchmarking,,No dataset identifiers are joined across sources.
m5-forecasting-accuracy,https://www.kaggle.com/competitions/m5-forecasting-accuracy,unverified competition organizer,not_attempted,Kaggle login and competition rules acceptance,unknown; not inspected,unknown; not inspected,unknown; not inspected,unknown; not inspected,unknown; not inspected,unknown; not inspected,unknown; not inspected,unknown; not inspected,benchmark only,benchmarking,,No dataset identifiers are joined across sources.
demand-forecasting-kernels-only,https://www.kaggle.com/competitions/demand-forecasting-kernels-only,unverified competition organizer,not_attempted,Kaggle login and competition rules acceptance,unknown; not inspected,unknown; not inspected,unknown; not inspected,unknown; not inspected,unknown; not inspected,unknown; not inspected,unknown; not inspected,unknown; not inspected,benchmark only,benchmarking,,No dataset identifiers are joined across sources.
rohlik-orders-forecasting-challenge,https://www.kaggle.com/competitions/rohlik-orders-forecasting-challenge,unverified competition organizer,not_attempted,Kaggle login and competition rules acceptance,unknown; not inspected,unknown; not inspected,unknown; not inspected,unknown; not inspected,unknown; not inspected,unknown; not inspected,unknown; not inspected,unknown; not inspected,benchmark only,benchmarking,,No dataset identifiers are joined across sources.
rohlik-sales-forecasting-challenge-v2,https://www.kaggle.com/competitions/rohlik-sales-forecasting-challenge-v2,unverified competition organizer,not_attempted,Kaggle login and competition rules acceptance,unknown; not inspected,unknown; not inspected,unknown; not inspected,unknown; not inspected,unknown; not inspected,unknown; not inspected,unknown; not inspected,unknown; not inspected,benchmark only,benchmarking,,No dataset identifiers are joined across sources.
grupo-bimbo-inventory-demand,https://www.kaggle.com/competitions/grupo-bimbo-inventory-demand,unverified competition organizer,not_attempted,Kaggle login and competition rules acceptance,unknown; not inspected,unknown; not inspected,unknown; not inspected,unknown; not inspected,unknown; not inspected,unknown; not inspected,unknown; not inspected,unknown; not inspected,benchmark only,benchmarking,,No dataset identifiers are joined across sources.
supply-chain-cost-prediction-competition-met-iom,https://www.kaggle.com/competitions/supply-chain-cost-prediction-competition-met-iom,unverified competition organizer,not_attempted,Kaggle login and competition rules acceptance,unknown; not inspected,unknown; not inspected,unknown; not inspected,unknown; not inspected,unknown; not inspected,unknown; not inspected,unknown; not inspected,unknown; not inspected,benchmark only,benchmarking,,No dataset identifiers are joined across sources.
open-shopee-code-league-logistic,https://www.kaggle.com/competitions/open-shopee-code-league-logistic,unverified competition organizer,not_attempted,Kaggle login and competition rules acceptance,unknown; not inspected,unknown; not inspected,unknown; not inspected,unknown; not inspected,unknown; not inspected,unknown; not inspected,unknown; not inspected,unknown; not inspected,benchmark only,benchmarking,,No dataset identifiers are joined across sources.
datathon-2022-upc-accenture,https://www.kaggle.com/competitions/datathon-2022-upc-accenture,unverified competition organizer,not_attempted,Kaggle login and competition rules acceptance,unknown; not inspected,unknown; not inspected,unknown; not inspected,unknown; not inspected,unknown; not inspected,unknown; not inspected,unknown; not inspected,unknown; not inspected,benchmark only,benchmarking,,No dataset identifiers are joined across sources.
